{
	"groups":[
	{
		"keys":"checkbox_select_disabled_png,checkbox_select_normal_png,checkbox_unselect_disabled_png,checkbox_unselect_normal_png,hslider_fill_png,hslider_thumb_png,hslider_track_png,button_disabled_png,button_down_png,button_normal_png,panel_back_png,progressbar_fill_png,progressbar_track_png,radiobutton_select_disabled_png,radiobutton_select_normal_png,radiobutton_unselect_disabled_png,radiobutton_unselect_normal_png,togglebutton_disabled_png,togglebutton_normal_png,togglebutton_selected_png,tree_back_png,tree_btndisabled_png,tree_btndisabledselect_png,tree_btndown_png,tree_btndownselect_png,tree_btnup_png,tree_btnupselect_png,vslider_fill_png,vslider_thumb_png,vslider_track_png,onoffbutton_off_label_png,onoffbutton_off_thumb_png,onoffbutton_off_track_png,onoffbutton_on_label_png,onoffbutton_on_thumb_png,onoffbutton_on_track_png,tree_icon_dir_png,tree_icon_file_png,panel_headeback_png,app_list_item_cutlline_png,app_list_item_select_png,app_list_item_up_png,dropdownlist_arrow_down_png,dropdownlist_arrow_up_png,DropDownListButtonSkin_down_png,DropDownListButtonSkin_up_png,closebtn_down_png,closebtn_up_png,checkbox_select_over_png,checkbox_unselect_over_png,radiobutton_select_over_png,radiobutton_unselect_over_png,introducer_png,pause_png,lifeLogo_png,player_png,bullet_png,emeny_png,enemy1_png,tc_png,tc_json,bigEmeny_png,planeFont_png,facebooklogo_png,startButton_png,rules_png,img_bg_level_1_jpg,startBg_jpg,goon_png,restart_png,over_jpg,imgFont0,imgFont1,imgFont2,imgFont3,imgFont4,imgFont5,imgFont6,imgFont7,imgFont8,imgFont9,ireturn_png,istart_png,lifeBg_png,lifeBar_png,enemyBullet_png",
		"name":"preload"
	}],
	"resources":[
	{
		"name":"checkbox_select_disabled_png",
		"type":"image",
		"url":"assets/simple/CheckBox/checkbox-select_disabled.png"
	},
	{
		"name":"checkbox_select_normal_png",
		"type":"image",
		"url":"assets/simple/CheckBox/checkbox-select_normal.png"
	},
	{
		"name":"checkbox_unselect_disabled_png",
		"type":"image",
		"url":"assets/simple/CheckBox/checkbox-unselect_disabled.png"
	},
	{
		"name":"checkbox_unselect_normal_png",
		"type":"image",
		"url":"assets/simple/CheckBox/checkbox-unselect_normal.png"
	},
	{
		"name":"hslider_fill_png",
		"scale9grid":"1,1,13,2",
		"type":"image",
		"url":"assets/simple/HSlider/HSlider_fill.png"
	},
	{
		"name":"hslider_thumb_png",
		"type":"image",
		"url":"assets/simple/HSlider/HSlider_thumb.png"
	},
	{
		"name":"hslider_track_png",
		"scale9grid":"1,1,13,2",
		"type":"image",
		"url":"assets/simple/HSlider/HSlider_track.png"
	},
	{
		"name":"button_disabled_png",
		"scale9grid":"3,4,14,13",
		"type":"image",
		"url":"assets/simple/NormalButton/button_disabled.png"
	},
	{
		"name":"button_down_png",
		"scale9grid":"4,3,13,14",
		"type":"image",
		"url":"assets/simple/NormalButton/button_down.png"
	},
	{
		"name":"button_normal_png",
		"scale9grid":"4,3,13,15",
		"type":"image",
		"url":"assets/simple/NormalButton/button_normal.png"
	},
	{
		"name":"panel_back_png",
		"scale9grid":"19,21,15,13",
		"type":"image",
		"url":"assets/simple/Panel/Panel_back.png"
	},
	{
		"name":"progressbar_fill_png",
		"type":"image",
		"url":"assets/simple/ProgressBar/Progressbar_fill.png"
	},
	{
		"name":"progressbar_track_png",
		"scale9grid":"1,1,28,8",
		"type":"image",
		"url":"assets/simple/ProgressBar/Progressbar_track.png"
	},
	{
		"name":"radiobutton_select_disabled_png",
		"type":"image",
		"url":"assets/simple/RadioButton/RadioButton_select_disabled.png"
	},
	{
		"name":"radiobutton_select_normal_png",
		"type":"image",
		"url":"assets/simple/RadioButton/RadioButton_select_normal.png"
	},
	{
		"name":"radiobutton_unselect_disabled_png",
		"type":"image",
		"url":"assets/simple/RadioButton/RadioButton_unselect_disabled.png"
	},
	{
		"name":"radiobutton_unselect_normal_png",
		"type":"image",
		"url":"assets/simple/RadioButton/RadioButton_unselect_normal.png"
	},
	{
		"name":"togglebutton_disabled_png",
		"scale9grid":"3,3,9,2",
		"type":"image",
		"url":"assets/simple/ToggleButton/togglebutton_disabled.png"
	},
	{
		"name":"togglebutton_normal_png",
		"scale9grid":"3,3,9,2",
		"type":"image",
		"url":"assets/simple/ToggleButton/togglebutton_normal.png"
	},
	{
		"name":"togglebutton_selected_png",
		"scale9grid":"3,3,9,2",
		"type":"image",
		"url":"assets/simple/ToggleButton/togglebutton_selected.png"
	},
	{
		"name":"tree_back_png",
		"scale9grid":"4,5,26,25",
		"type":"image",
		"url":"assets/simple/Tree/tree_back.png"
	},
	{
		"name":"tree_btndisabled_png",
		"type":"image",
		"url":"assets/simple/Tree/tree_btnDisabled.png"
	},
	{
		"name":"tree_btndisabledselect_png",
		"type":"image",
		"url":"assets/simple/Tree/tree_btnDisabledSelect.png"
	},
	{
		"name":"tree_btndown_png",
		"type":"image",
		"url":"assets/simple/Tree/tree_btnDown.png"
	},
	{
		"name":"tree_btndownselect_png",
		"type":"image",
		"url":"assets/simple/Tree/tree_btnDownSelect.png"
	},
	{
		"name":"tree_btnup_png",
		"type":"image",
		"url":"assets/simple/Tree/tree_btnUp.png"
	},
	{
		"name":"tree_btnupselect_png",
		"type":"image",
		"url":"assets/simple/Tree/tree_btnUpSelect.png"
	},
	{
		"name":"vslider_fill_png",
		"scale9grid":"1,1,2,13",
		"type":"image",
		"url":"assets/simple/VSlider/VSlider_fill.png"
	},
	{
		"name":"vslider_thumb_png",
		"type":"image",
		"url":"assets/simple/VSlider/VSlider_thumb.png"
	},
	{
		"name":"vslider_track_png",
		"scale9grid":"1,1,2,13",
		"type":"image",
		"url":"assets/simple/VSlider/VSlider_track.png"
	},
	{
		"name":"onoffbutton_off_label_png",
		"type":"image",
		"url":"assets/simple/ONOFFButton/onoffbutton_off_label.png"
	},
	{
		"name":"onoffbutton_off_thumb_png",
		"type":"image",
		"url":"assets/simple/ONOFFButton/onoffbutton_off_thumb.png"
	},
	{
		"name":"onoffbutton_off_track_png",
		"type":"image",
		"url":"assets/simple/ONOFFButton/onoffbutton_off_track.png"
	},
	{
		"name":"onoffbutton_on_label_png",
		"type":"image",
		"url":"assets/simple/ONOFFButton/onoffbutton_on_label.png"
	},
	{
		"name":"onoffbutton_on_thumb_png",
		"type":"image",
		"url":"assets/simple/ONOFFButton/onoffbutton_on_thumb.png"
	},
	{
		"name":"onoffbutton_on_track_png",
		"type":"image",
		"url":"assets/simple/ONOFFButton/onoffbutton_on_track.png"
	},
	{
		"name":"tree_icon_dir_png",
		"type":"image",
		"url":"assets/simple/Tree/tree_icon_dir.png"
	},
	{
		"name":"tree_icon_file_png",
		"type":"image",
		"url":"assets/simple/Tree/tree_icon_file.png"
	},
	{
		"name":"panel_headeback_png",
		"scale9grid":"24,18,19,22",
		"type":"image",
		"url":"assets/simple/Panel/Panel_headeBack.png"
	},
	{
		"name":"dropdownlist_arrow_down_png",
		"type":"image",
		"url":"assets/simple/DropdownList/dropdownlist_arrow_down.png"
	},
	{
		"name":"dropdownlist_arrow_up_png",
		"type":"image",
		"url":"assets/simple/DropdownList/dropdownlist_arrow_up.png"
	},
	{
		"name":"DropDownListButtonSkin_down_png",
		"scale9grid":"3,3,4,19",
		"type":"image",
		"url":"assets/simple/DropdownList/DropDownListButtonSkin_down.png"
	},
	{
		"name":"DropDownListButtonSkin_up_png",
		"scale9grid":"3,3,4,19",
		"type":"image",
		"url":"assets/simple/DropdownList/DropDownListButtonSkin_up.png"
	},
	{
		"name":"closebtn_disabled_png",
		"type":"image",
		"url":"assets/simple/TitleWindow/closebtn_disabled.png"
	},
	{
		"name":"closebtn_down_png",
		"type":"image",
		"url":"assets/simple/TitleWindow/closebtn_down.png"
	},
	{
		"name":"closebtn_up_png",
		"type":"image",
		"url":"assets/simple/TitleWindow/closebtn_up.png"
	},
	{
		"name":"app_list_item_cutlline_png",
		"type":"image",
		"url":"assets/simple/ItemRenderer/app_list_item_cutlline.png"
	},
	{
		"name":"app_list_item_select_png",
		"type":"image",
		"url":"assets/simple/ItemRenderer/app_list_item_select.png"
	},
	{
		"name":"app_list_item_up_png",
		"type":"image",
		"url":"assets/simple/ItemRenderer/app_list_item_up.png"
	},
	{
		"name":"togglebutton_over_png",
		"scale9grid":"3,2,9,4",
		"type":"image",
		"url":"assets/simple/ToggleButton/togglebutton_over.png"
	},
	{
		"name":"checkbox_select_over_png",
		"type":"image",
		"url":"assets/simple/CheckBox/checkbox-select_over.png"
	},
	{
		"name":"checkbox_unselect_over_png",
		"type":"image",
		"url":"assets/simple/CheckBox/checkbox-unselect_over.png"
	},
	{
		"name":"radiobutton_select_over_png",
		"type":"image",
		"url":"assets/simple/RadioButton/RadioButton_select_over.png"
	},
	{
		"name":"radiobutton_unselect_over_png",
		"type":"image",
		"url":"assets/simple/RadioButton/RadioButton_unselect_over.png"
	},
	{
		"name":"hscrollbtn_png",
		"scale9grid":"4,4,2,2",
		"type":"image",
		"url":"assets/simple/HScrollBar/hscrollbtn.png"
	},
	{
		"name":"hscrolltrack_png",
		"type":"image",
		"url":"assets/simple/HScrollBar/hscrolltrack.png"
	},
	{
		"name":"vscrollbtn_png",
		"scale9grid":"4,4,2,2",
		"type":"image",
		"url":"assets/simple/VScrollBar/vscrollbtn.png"
	},
	{
		"name":"vscrolltrack_png",
		"type":"image",
		"url":"assets/simple/VScrollBar/vscrolltrack.png"
	},
	{
		"name":"textbox_png",
		"scale9grid":"1,1,143,21",
		"type":"image",
		"url":"assets/simple/TextInput/textbox.png"
	},
	{
		"name":"introducer_png",
		"type":"image",
		"url":"assets/start/introducer.jpg"
	},
	{
		"name":"pause_png",
		"type":"image",
		"url":"assets/play/pause.png"
	},
	{
		"name":"lifeLogo_png",
		"type":"image",
		"url":"assets/play/lifeLogo.png"
	},
	{
		"name":"player_png",
		"type":"image",
		"url":"assets/play/player.png"
	},
	  {
		"name":"bullet_png",
		"type":"image",
		"url":"assets/play/bullet.png"
	  },
	  {
		"name":"emeny_png",
		"type":"image",
		"url":"assets/play/emeny.png"
	  },
	  {
		"name":"enemy1_png",
		"type":"image",
		"url":"assets/play/enemy1.png"
	  },
	  {
		"name":"tc_png",
		"type":"image",
		"url":"assets/play/tc.png"
	  },
	  {
		"name":"tc_json",
		"type":"json",
		"url":"assets/play/tc.json"
	  },
	  {
		"name":"bigEmeny_png",
		"type":"image",
		"url":"assets/play/bigEmeny.png"
	  },
	  {
		"name":"planeFont_png",
		"type":"image",
		"url":"assets/start/planeFont.png"
	  },
	  {
		"name":"facebooklogo_png",
		"type":"image",
		"url":"assets/over/facebooklogo.png"
	  },
	  {
		"name":"startButton_png",
		"type":"image",
		"url":"assets/start/startButton.png"
	  },
	  {
		"name":"rules_png",
		"type":"image",
		"url":"assets/start/rules.png"
	  },
	  {
		"name":"img_bg_level_1_jpg",
		"type":"image",
		"url":"assets/play/img_bg_level_1.jpg"
	  },
	  {
		"name":"startBg_jpg",
		"type":"image",
		"url":"assets/start/startBg.jpg"

	  },
	  {
		"name":"goon_png",
		"type":"image",
		"url":"assets/over/goon.png"

	  },
	  {
		"name":"restart_png",
		"type":"image",
		"url":"assets/over/restart.png"

	  },
	  {
		"name":"over_jpg",
		"type":"image",
		"url":"assets/over/over.jpg"

	  },
	  {
		"name":"imgFont0",
		"type":"image",
		"url":"assets/start/imgFont0.png"
	  },
	  {
		"name":"imgFont1",
		"type":"image",
		"url":"assets/start/imgFont1.png"
	  },
	  {
		"name":"imgFont2",
		"type":"image",
		"url":"assets/start/imgFont2.png"
	  },
	  {
		"name":"imgFont3",
		"type":"image",
		"url":"assets/start/imgFont3.png"
	  },
	  {
		"name":"imgFont4",
		"type":"image",
		"url":"assets/start/imgFont4.png"
	  },
	  {
		"name":"imgFont5",
		"type":"image",
		"url":"assets/start/imgFont5.png"
	  },
	  {
		"name":"imgFont6",
		"type":"image",
		"url":"assets/start/imgFont6.png"
	  },
	  {
		"name":"imgFont7",
		"type":"image",
		"url":"assets/start/imgFont7.png"
	  },
	  {
		"name":"imgFont8",
		"type":"image",
		"url":"assets/start/imgFont8.png"
	  },
	  {
		"name":"imgFont9",
		"type":"image",
		"url":"assets/start/imgFont9.png"
	  },
	  {
		"name":"ireturn_png",
		"type":"image",
		"url":"assets/start/IReturn.png"
	  },
	  {
		"name":"istart_png",
		"type":"image",
		"url":"assets/start/IStart.png"
	  },
	  {
		"name":"lfieBg_png",
		"type":"image",
		"url":"assets/play/lifeBg.png"
	  },
	  {
		"name":"lfieBar_png",
		"type":"image",
		"url":"assets/play/lifeBar.png"
	  },
	  {
		"name":"enemyBullet_png",
		"type":"image",
		"url":"assets/play/enemyBullet.png"
	  }]
}