{"frames":{
	"action":{
		"totalFrame":6,
		"childrenFrame":[
			
			{
			"res":"84AF84B1",
			"x":0,
			"y":0,
			"duration":3
			},
			{
			"res":"E2718F1F",
			"x":0,
			"y":0,
			"duration":3
			},
			{
			"res":"32FDFEA0",
			"x":0,
			"y":0,
			"duration":3
			},
			{
			"res":"6ADADF2F",
			"x":0,
			"y":0,
			"duration":3
			},
			{
			"res":"DB119797",
			"x":0,
			"y":0,
			"duration":3
			},
			{
			"res":"7552F316",
			"x":0,
			"y":0,
			"duration":3
			}
			]
}},
	"res":{
		"84AF84B1":{"x":1,"y":1,"w":92,"h":90},
		"E2718F1F":{"x":95,"y":1,"w":92,"h":90},
		"32FDFEA0":{"x":1,"y":93,"w":92,"h":90},
		"6ADADF2F":{"x":95,"y":93,"w":92,"h":90},
		"DB119797":{"x":1,"y":185,"w":92,"h":90},
		"7552F316":{"x":95,"y":185,"w":92,"h":90}
	}}